<?xml version="1.0" encoding="UTF-8"?>
<!--
  When updating your version of GWT, you should also update this DTD reference,
  so that your app can take advantage of the latest GWT module capabilities.
-->
<!DOCTYPE module PUBLIC "-//Google Inc.//DTD Google Web Toolkit 2.5.1//EN"
  "http://google-web-toolkit.googlecode.com/svn/tags/2.5.1/distro-source/core/src/gwt-module.dtd">
<module rename-to='swrlgwt'>
  <!-- Inherit the core Web Toolkit stuff.                        -->
  <inherits name='com.google.gwt.user.User'/>
  <inherits name="com.google.gwt.activity.Activity" />
  <inherits name="com.google.gwt.place.Place" />
  <inherits name="com.google.gwt.resources.Resources" />

  <!-- Inherit the default GWT style sheet.  You can change       -->
  <!-- the theme of your GWT application by uncommenting          -->
  <!-- any one of the following lines.                            -->
  <inherits name='com.google.gwt.user.theme.clean.Clean'/>
  <!-- <inherits name='com.google.gwt.user.theme.standard.Standard'/> -->
  <!-- <inherits name='com.google.gwt.user.theme.chrome.Chrome'/> -->
  <!-- <inherits name='com.google.gwt.user.theme.dark.Dark'/>     -->


  <!-- Other module inherits                                      -->
  <inherits name='com.google.gwt.widgetideas.GWTCanvas' />
  <inherits name="com.google.gwt.widgetideas.BasicTable" />

  <!-- Specify the app entry point class.                         -->
  <entry-point class='br.usp.icmc.dilvan.swrlEditor.client.SwrlGWT'/>

  <!-- Specify the paths for translatable code                    -->
  <source path='client'/>
  <source path='shared'/>

  <!-- Use ClientFactoryImpl by default -->
  <replace-with
    class="br.usp.icmc.dilvan.swrlEditor.client.ui.swrleditor.ClientFactoryImpl">
    <when-type-is
      class="br.usp.icmc.dilvan.swrlEditor.client.ui.swrleditor.ClientFactory" />
  </replace-with>

  <!--  <servlet path="/swrlEditor" class="br.usp.icmc.dilvan.swrlEditor.server.swrleditor.SWRLEditorServiceImpl"/>-->

</module>
