<!DOCTYPE ui:UiBinder SYSTEM "http://dl.google.com/gwt/DTD/xhtml.ent">
<ui:UiBinder xmlns:ui='urn:ui:com.google.gwt.uibinder' 
    xmlns:g='urn:import:com.google.gwt.user.client.ui'>

	<ui:with field='resources' type='br.usp.icmc.dilvan.swrlEditor.client.resources.Resources' />

	<g:FlowPanel styleName='{resources.swrleditor.panel_white}' height="85" width="">
		<g:Label ui:field="label"/>
		
		<g:HorizontalPanel spacing="10">
			<g:Button text="OK" ui:field="okButton">New Button</g:Button>
		</g:HorizontalPanel>
	</g:FlowPanel>
</ui:UiBinder>